n,max_levels,k, cpu_ms, cublas_kernel_ms, cublas_total_ms, gpu_kernel_ms, gpu_total_ms, ops_cublas, ops_gpu, gflops_cublas, gflops_gpu, relerr_cublas, relerr_custom
128,2,6,0.014861,0.021372,24.512375,0.059396,0.507136,32768,14336,1.547251,0.243122,0.000000208,0.000000218
128,2,8,0.013337,0.022016,24.007313,0.060676,0.484868,32768,16384,1.492209,0.270950,0.000000205,0.000000225
128,2,10,0.012205,0.020224,21.651325,0.056448,0.476416,32768,18432,1.624227,0.327194,0.000000207,0.000000218
128,2,12,0.012076,0.021504,23.092850,0.060928,0.489728,32768,20480,1.537670,0.339934,0.000000214,0.000000228
128,2,14,0.012588,0.022528,22.956537,0.059904,0.503936,32768,22528,1.474815,0.380638,0.000000191,0.000000220
128,2,16,0.011639,0.020100,22.370162,0.056840,0.466172,32768,24576,1.642305,0.434661,0.000000209,0.000000238
128,2,18,0.013702,0.020736,23.966838,0.058116,0.501760,32768,26624,1.594694,0.461451,0.000000209,0.000000221
128,4,6,0.012516,0.021124,22.492800,0.097536,1.165568,32768,14336,1.561660,0.148596,0.000000215,0.000000232
128,4,8,0.012762,0.020864,23.594750,0.100224,1.149570,32768,18432,1.574300,0.185218,0.000000214,0.000000221
128,4,10,0.012932,0.021504,24.278900,0.102132,1.209856,32768,22528,1.537716,0.221967,0.000000207,0.000000220
128,4,12,0.013251,0.020996,22.905088,0.103044,1.177600,32768,26624,1.576372,0.261101,0.000000213,0.000000231
128,4,14,0.013652,0.021376,24.449025,0.102912,1.250944,32768,30720,1.544871,0.301152,0.000000211,0.000000227
128,4,16,0.011810,0.020604,22.011112,0.075648,0.680324,32768,28672,1.593631,0.379936,0.000000224,0.000000249
128,4,18,0.013731,0.021632,24.985337,0.081792,0.778880,32768,31744,1.520371,0.390406,0.000000220,0.000000245
128,6,6,0.014032,0.021508,23.680500,0.118024,1.902208,32768,16384,1.530919,0.139649,0.000000208,0.000000216
128,6,8,0.012531,0.020740,22.556800,0.097788,1.094528,32768,18432,1.584847,0.188801,0.000000211,0.000000231
128,6,10,0.012127,0.020096,22.613375,0.097408,1.160576,32768,22528,1.635620,0.232505,0.000000216,0.000000226
128,6,12,0.014988,0.021380,23.713650,0.100608,1.195136,32768,26624,1.546099,0.268023,0.000000220,0.000000249
128,6,14,0.013266,0.021244,23.972462,0.103024,1.229056,32768,30720,1.560156,0.301241,0.000000227,0.000000245
128,6,16,0.012002,0.021376,22.795650,0.077192,0.681344,32768,28672,1.536069,0.372567,0.000000249,0.000000269
128,6,18,0.013052,0.021504,24.061812,0.081276,0.762112,32768,31744,1.541471,0.394158,0.000000198,0.000000228
128,8,6,0.015604,0.021888,25.528975,0.123144,1.981567,32768,16384,1.510011,0.134477,0.000000195,0.000000233
128,8,8,0.013520,0.022276,25.011325,0.104580,1.186816,32768,18432,1.488630,0.178989,0.000000218,0.000000233
128,8,10,0.011619,0.020864,22.386813,0.097808,1.173375,32768,22528,1.582236,0.231704,0.000000229,0.000000241
128,8,12,0.016029,0.021504,25.128438,0.104832,1.238913,32768,26624,1.536965,0.256076,0.000000214,0.000000240
128,8,14,0.012616,0.021628,23.080063,0.105860,1.225084,32768,30720,1.521406,0.294852,0.000000210,0.000000239
128,8,16,0.013614,0.021632,24.824175,0.081664,0.745600,32768,28672,1.526271,0.355298,0.000000240,0.000000264
128,8,18,0.013498,0.021888,24.319125,0.082560,0.760448,32768,31744,1.523379,0.389786,0.000000220,0.000000246
128,10,6,0.014294,0.021500,23.749637,0.120708,1.927040,32768,16384,1.529750,0.136561,0.000000235,0.000000256
128,10,8,0.013502,0.021120,22.387975,0.101500,1.143936,32768,18432,1.556734,0.182845,0.000000217,0.000000224
128,10,10,0.012447,0.020992,23.264900,0.099324,1.143808,32768,22528,1.564640,0.226953,0.000000190,0.000000196
128,10,12,0.014651,0.021376,25.016575,0.100608,1.211771,32768,26624,1.540725,0.266470,0.000000213,0.000000242
128,10,14,0.014604,0.024316,26.028800,0.105204,1.259132,32768,30720,1.363165,0.294229,0.000000220,0.000000233
128,10,16,0.011997,0.021628,23.681150,0.078588,0.703872,32768,28672,1.525379,0.366981,0.000000215,0.000000242
128,10,18,0.013214,0.023040,24.075125,0.078968,0.739456,32768,31744,1.459765,0.403753,0.000000234,0.000000266
128,12,6,0.016172,0.022400,24.715150,0.121600,1.920384,32768,16384,1.474505,0.136113,0.000000212,0.000000229
128,12,8,0.013699,0.021632,24.745738,0.099592,1.171067,32768,18432,1.524811,0.186105,0.000000226,0.000000237
128,12,10,0.013785,0.022656,25.911175,0.109576,1.304446,32768,22528,1.459590,0.208468,0.000000195,0.000000232
128,12,12,0.014377,0.022268,24.138613,0.106752,1.249284,32768,26624,1.482881,0.250762,0.000000210,0.000000237
128,12,14,0.011961,0.020352,21.777663,0.094208,1.150079,32768,30720,1.611529,0.326258,0.000000212,0.000000229
128,12,16,0.012910,0.020988,23.896950,0.078852,0.697856,32768,28672,1.566204,0.364281,0.000000243,0.000000267
128,12,18,0.013142,0.021380,24.004350,0.082052,0.764416,32768,31744,1.549474,0.390778,0.000000220,0.000000239
256,2,6,0.064527,0.042628,49.500962,0.072832,0.582524,131072,45056,3.285840,0.664900,0.000000309,0.000000320
256,2,8,0.060108,0.035712,30.007675,0.058500,0.488700,131072,49152,3.691129,0.842436,0.000000277,0.000000282
256,2,10,0.059242,0.036480,30.109450,0.062072,0.509696,131072,53248,3.620656,0.877547,0.000000317,0.000000331
256,2,12,0.055681,0.035708,29.172225,0.059648,0.505216,131072,57344,3.686451,0.964948,0.000000313,0.000000322
256,2,14,0.062369,0.040064,30.889975,0.060032,0.506240,131072,61440,3.371363,1.034073,0.000000293,0.000000317
256,2,16,0.060106,0.038400,32.281975,0.060540,0.530428,131072,65536,3.443373,1.088237,0.000000284,0.000000294
256,2,18,0.062373,0.037500,31.553538,0.061180,0.512512,131072,69632,3.536835,1.143482,0.000000323,0.000000342
256,4,6,0.057832,0.036092,30.282013,0.102140,1.197440,131072,32768,3.676302,0.324359,0.000000297,0.000000301
256,4,8,0.057260,0.034432,28.972800,0.094076,1.089281,131072,40960,3.833376,0.438465,0.000000302,0.000000312
256,4,10,0.062465,0.038528,31.933163,0.103288,1.267455,131072,49152,3.445109,0.479590,0.000000293,0.000000302
256,4,12,0.062266,0.037888,30.882950,0.098808,1.187323,131072,57344,3.542005,0.582330,0.000000299,0.000000307
256,4,14,0.060730,0.035968,29.812088,0.100728,1.202818,131072,65536,3.679366,0.653477,0.000000306,0.000000325
256,4,16,0.064394,0.034816,31.224312,0.096380,1.143167,131072,73728,3.786859,0.769243,0.000000278,0.000000296
256,4,18,0.062679,0.035072,30.366988,0.101124,1.219200,131072,81920,3.766804,0.815756,0.000000276,0.000000294
256,6,6,0.064397,0.036608,32.155513,0.137228,3.116545,131072,38912,3.611512,0.284852,0.000000320,0.000000327
256,6,8,0.064363,0.036608,31.746825,0.121860,1.923840,131072,45056,3.618208,0.374689,0.000000318,0.000000336
256,6,10,0.059945,0.037248,31.275400,0.118396,1.910785,131072,55296,3.544151,0.468946,0.000000321,0.000000336
256,6,12,0.059947,0.036864,30.301188,0.120960,1.896830,131072,65536,3.588388,0.544941,0.000000312,0.000000324
256,6,14,0.061411,0.034816,29.873912,0.118016,1.934719,131072,75776,3.804232,0.645004,0.000000288,0.000000298
256,6,16,0.066591,0.038024,32.487800,0.097540,1.131771,131072,73728,3.495579,0.758745,0.000000293,0.000000312
256,6,18,0.060633,0.034560,29.996800,0.101760,1.220605,131072,81920,3.815426,0.808771,0.000000306,0.000000319
256,8,6,0.059889,0.034816,31.003025,0.136580,3.155969,131072,38912,3.786859,0.286756,0.000000298,0.000000319
256,8,8,0.057726,0.035196,30.033800,0.114944,1.812865,131072,45056,3.769360,0.393663,0.000000305,0.000000321
256,8,10,0.064350,0.038912,33.201275,0.125824,2.013692,131072,55296,3.403720,0.442479,0.000000316,0.000000330
256,8,12,0.059969,0.035968,29.795063,0.122488,1.874942,131072,65536,3.660740,0.538084,0.000000289,0.000000318
256,8,14,0.066100,0.036096,31.311225,0.119556,1.998463,131072,75776,3.679071,0.639111,0.000000308,0.000000327
256,8,16,0.064370,0.038656,32.197525,0.103808,1.194750,131072,73728,3.462319,0.715729,0.000000312,0.000000332
256,8,18,0.060863,0.036480,31.943938,0.105344,1.275392,131072,81920,3.630904,0.782749,0.000000300,0.000000314
256,10,6,0.062119,0.037380,32.042625,0.140016,3.039616,131072,38912,3.576386,0.279730,0.000000313,0.000000317
256,10,8,0.062129,0.036608,31.367425,0.120828,1.893760,131072,45056,3.616503,0.374385,0.000000318,0.000000329
256,10,10,0.062190,0.036480,30.885738,0.120964,1.978364,131072,55296,3.637776,0.463685,0.000000309,0.000000309
256,10,12,0.062221,0.038912,32.630650,0.125440,1.980932,131072,65536,3.428393,0.532027,0.000000327,0.000000342
256,10,14,0.057708,0.034564,28.815738,0.116096,1.922559,131072,75776,3.796824,0.655671,0.000000289,0.000000300
256,10,16,0.060383,0.036996,30.993550,0.102656,1.166329,131072,73728,3.587137,0.725014,0.000000303,0.000000320
256,10,18,0.062763,0.036608,30.913937,0.104064,1.272447,131072,81920,3.607004,0.791619,0.000000292,0.000000326
256,12,6,0.055504,0.033152,28.797050,0.133504,3.024511,131072,38912,3.963420,0.292970,0.000000290,0.000000292
256,12,8,0.057755,0.035588,30.403437,0.116872,1.848446,131072,45056,3.707242,0.387717,0.000000309,0.000000312
256,12,10,0.062124,0.033408,30.552688,0.113280,1.820162,131072,55296,3.929686,0.488793,0.000000325,0.000000327
256,12,12,0.057798,0.035840,29.804913,0.113796,1.807104,131072,65536,3.696541,0.577469,0.000000313,0.000000322
256,12,14,0.057708,0.033664,29.267725,0.114692,1.866494,131072,75776,3.898570,0.662329,0.000000304,0.000000319
256,12,16,0.055502,0.033920,28.993275,0.095108,1.089538,131072,73728,3.871678,0.776415,0.000000300,0.000000315
256,12,18,0.063109,0.038784,31.263488,0.103808,1.252860,131072,81920,3.445200,0.793142,0.000000305,0.000000324
512,2,6,0.270732,0.039296,32.236800,0.065152,0.591744,524288,155648,13.486662,2.413675,0.000000415,0.000000416
512,2,8,0.249506,0.035832,29.926275,0.061312,0.553856,524288,163840,14.646750,2.680235,0.000000441,0.000000446
512,2,10,0.258935,0.036860,31.014913,0.060672,0.584196,524288,172032,14.339475,2.855868,0.000000416,0.000000427
512,2,12,0.261766,0.035968,30.769537,0.059904,0.593152,524288,180224,14.674925,3.026029,0.000000415,0.000000425
512,2,14,0.249515,0.036224,30.114175,0.063100,0.587008,524288,188416,14.615025,3.007334,0.000000404,0.000000413
512,2,16,0.274192,0.035968,31.390837,0.064128,0.611972,524288,196608,14.677625,3.121065,0.000000378,0.000000397
512,2,18,0.252043,0.036864,30.453125,0.061312,0.605436,524288,204800,14.369950,3.351303,0.000000403,0.000000420
512,4,6,0.307374,0.039808,34.605038,0.113152,1.312256,524288,81920,13.257050,0.731481,0.000000459,0.000000461
512,4,8,0.269424,0.036736,31.458037,0.099332,1.147140,524288,98304,14.450437,1.002518,0.000000416,0.000000426
512,4,10,0.277251,0.038528,32.623888,0.099588,1.220224,524288,114688,13.816900,1.155947,0.000000409,0.000000421
512,4,12,0.279687,0.037248,31.315188,0.103412,1.175298,524288,131072,14.241288,1.284721,0.000000410,0.000000420
512,4,14,0.257696,0.037120,29.594875,0.101260,1.266177,524288,147456,14.240425,1.462783,0.000000424,0.000000439
512,4,16,0.258327,0.035712,30.055812,0.098684,1.216503,524288,163840,14.757312,1.672529,0.000000434,0.000000458
512,4,18,0.261503,0.036992,31.352837,0.100856,1.288575,524288,180224,14.268425,1.790386,0.000000426,0.000000438
512,6,6,0.277850,0.037508,31.629575,0.145024,3.286656,524288,81920,14.081500,0.571800,0.000000407,0.000000426
512,6,8,0.268855,0.038020,32.608525,0.141048,3.115137,524288,106496,14.092525,0.766747,0.000000422,0.000000437
512,6,10,0.249490,0.036984,30.835975,0.146824,3.361407,524288,131072,14.264150,0.897906,0.000000402,0.000000418
512,6,12,0.252329,0.035584,30.118400,0.140792,3.163649,524288,155648,14.839250,1.119183,0.000000394,0.000000408
512,6,14,0.264631,0.037504,31.527287,0.146684,3.462654,524288,180224,14.141275,1.238761,0.000000400,0.000000409
512,6,16,0.265895,0.036352,29.882513,0.118660,1.861631,524288,180224,14.513025,1.529196,0.000000422,0.000000432
512,6,18,0.254028,0.038784,30.447650,0.116608,2.001408,524288,200704,13.666725,1.726033,0.000000400,0.000000415
512,8,6,0.269035,0.035712,31.400700,0.160380,5.826689,524288,90112,14.722425,0.563875,0.000000427,0.000000432
512,8,8,0.230285,0.035840,28.117125,0.137732,2.929284,524288,106496,14.646525,0.776034,0.000000425,0.000000429
512,8,10,0.249635,0.036224,30.010237,0.141568,3.256190,524288,131072,14.567000,0.930148,0.000000423,0.000000431
512,8,12,0.292905,0.038016,32.739575,0.144136,3.157249,524288,155648,13.955663,1.097372,0.000000418,0.000000421
512,8,14,0.274178,0.037244,30.724988,0.146940,3.318399,524288,180224,14.176200,1.240501,0.000000413,0.000000427
512,8,16,0.233921,0.035712,28.259837,0.116100,1.771650,524288,180224,14.802150,1.555615,0.000000415,0.000000433
512,8,18,0.282739,0.036480,30.519175,0.120060,2.006656,524288,200704,14.446338,1.679654,0.000000426,0.000000439
512,10,6,0.278461,0.037632,32.346362,0.160760,6.019202,524288,90112,14.030012,0.563066,0.000000421,0.000000435
512,10,8,0.240195,0.034944,28.904338,0.135556,2.930302,524288,106496,15.020275,0.786755,0.000000414,0.000000423
512,10,10,0.249506,0.037376,30.625138,0.142720,3.341442,524288,131072,14.120513,0.922131,0.000000406,0.000000416
512,10,12,0.273666,0.037504,32.559750,0.144256,3.202945,524288,155648,14.135087,1.087457,0.000000411,0.000000425
512,10,14,0.250541,0.034944,29.559825,0.139780,3.256705,524288,180224,15.014850,1.292616,0.000000398,0.000000411
512,10,16,0.292938,0.038272,32.860275,0.120704,1.859586,524288,180224,13.797337,1.499015,0.000000413,0.000000425
512,10,18,0.261922,0.034432,28.946800,0.116092,1.914751,524288,200704,15.236775,1.731055,0.000000417,0.000000433
512,12,6,0.249564,0.036352,29.960712,0.163068,5.894658,524288,90112,14.506775,0.554119,0.000000413,0.000000419
512,12,8,0.280280,0.036096,31.894150,0.135808,2.909823,524288,106496,14.595450,0.788123,0.000000408,0.000000423
512,12,10,0.262831,0.037376,31.407863,0.146308,3.300096,524288,131072,14.164912,0.907051,0.000000409,0.000000416
512,12,12,0.252213,0.038016,29.928575,0.137088,2.951040,524288,155648,14.078825,1.141727,0.000000439,0.000000451
512,12,14,0.270771,0.035716,30.937725,0.134008,3.151108,524288,180224,14.711887,1.345770,0.000000433,0.000000439
512,12,16,0.244737,0.035972,29.259412,0.119672,1.847552,524288,180224,14.631425,1.516468,0.000000428,0.000000445
512,12,18,0.254050,0.035584,29.727625,0.121984,2.003201,524288,200704,14.786275,1.653306,0.000000427,0.000000446
1024,2,6,1.098773,0.026880,22.341887,0.059392,0.929408,2097152,573440,81.158125,9.681881,0.000000550,0.000000544
1024,2,8,0.983700,0.023940,20.841338,0.058244,0.923008,2097152,589824,87.716337,10.148041,0.000000594,0.000000589
1024,2,10,1.111737,0.024576,22.471925,0.062208,0.962180,2097152,606208,85.370413,9.753534,0.000000590,0.000000584
1024,2,12,0.993307,0.024192,20.930438,0.060028,0.952063,2097152,622592,86.841000,10.393234,0.000000596,0.000000590
1024,2,14,1.201976,0.026364,24.301313,0.065796,1.069311,2097152,638976,79.863563,9.785193,0.000000585,0.000000586
1024,2,16,1.074402,0.025980,22.795025,0.062464,1.057280,2097152,655360,81.685275,10.550232,0.000000575,0.000000574
1024,2,18,1.031117,0.024576,22.440188,0.065156,1.087871,2097152,671744,85.477450,10.401827,0.000000613,0.000000615
1024,4,6,0.953276,0.024064,20.598150,0.096896,1.163136,2097152,229376,87.230550,2.377530,0.000000605,0.000000602
1024,4,8,1.007900,0.025092,21.714325,0.101376,1.267584,2097152,262144,83.901438,2.624833,0.000000614,0.000000607
1024,4,10,1.032971,0.025216,22.639862,0.100348,1.294980,2097152,294912,83.401837,2.968872,0.000000620,0.000000618
1024,4,12,0.961466,0.024576,20.729850,0.096256,1.263616,2097152,327680,85.407525,3.417190,0.000000572,0.000000571
1024,4,14,1.031541,0.023940,20.832625,0.097404,1.229953,2097152,360448,87.637075,3.706205,0.000000578,0.000000577
1024,4,16,1.159760,0.025216,23.478275,0.104056,1.350018,2097152,393216,83.526988,3.807166,0.000000597,0.000000600
1024,4,18,1.032431,0.024320,21.997300,0.103548,1.357698,2097152,425984,86.367887,4.130888,0.000000600,0.000000603
1024,6,6,1.032135,0.024320,21.353337,0.136444,3.101314,2097152,180224,86.493600,1.332746,0.000000584,0.000000583
1024,6,8,1.033691,0.024448,21.431550,0.133880,3.052415,2097152,229376,85.904112,1.719693,0.000000612,0.000000613
1024,6,10,1.032603,0.024960,22.316813,0.143748,3.362049,2097152,278528,84.329387,1.953221,0.000000577,0.000000577
1024,6,12,1.071211,0.024580,22.043000,0.134648,3.144192,2097152,327680,85.649500,2.434416,0.000000584,0.000000584
1024,6,14,1.033248,0.024320,21.773450,0.137600,3.394308,2097152,376832,86.335075,2.745370,0.000000577,0.000000586
1024,6,16,1.072813,0.024320,21.321088,0.137988,3.114239,2097152,425984,86.526413,3.100713,0.000000589,0.000000595
1024,6,18,0.993565,0.025856,21.464188,0.150912,3.409920,2097152,475136,81.776638,3.162214,0.000000601,0.000000607
1024,8,6,1.074324,0.025216,22.752112,0.175632,11.264900,2097152,204800,83.613025,1.168762,0.000000570,0.000000572
1024,8,8,1.112699,0.024320,22.482550,0.155640,5.834112,2097152,245760,86.737600,1.593794,0.000000589,0.000000595
1024,8,10,0.991611,0.024576,21.260425,0.160896,5.940991,2097152,303104,85.519600,1.889128,0.000000600,0.000000601
1024,8,12,1.034100,0.024704,21.729012,0.157052,5.938304,2097152,360448,85.055825,2.298629,0.000000605,0.000000607
1024,8,14,1.036620,0.024320,20.817162,0.157056,6.051708,2097152,417792,86.297962,2.666424,0.000000582,0.000000584
1024,8,16,1.033463,0.024956,22.161400,0.135300,3.127291,2097152,425984,84.656937,3.162994,0.000000581,0.000000592
1024,8,18,1.032913,0.024836,22.024825,0.147324,3.611648,2097152,475136,84.764488,3.244984,0.000000577,0.000000584
1024,10,6,0.995642,0.024196,21.458175,0.173176,11.198837,2097152,204800,86.747875,1.184170,0.000000589,0.000000585
1024,10,8,1.069840,0.025344,22.044313,0.163580,5.832320,2097152,245760,82.988137,1.507741,0.000000595,0.000000595
1024,10,10,1.115842,0.025724,23.231488,0.167296,6.323455,2097152,303104,81.735550,1.820960,0.000000594,0.000000594
1024,10,12,0.963491,0.024704,20.613750,0.167808,5.919615,2097152,360448,84.906638,2.153103,0.000000564,0.000000569
1024,10,14,1.030255,0.024828,21.655162,0.163696,6.201478,2097152,417792,84.599825,2.561835,0.000000595,0.000000596
1024,10,16,1.082948,0.024704,22.714613,0.141056,3.265662,2097152,425984,85.387125,3.055756,0.000000589,0.000000587
1024,10,18,0.995705,0.024828,21.780475,0.144640,3.485568,2097152,475136,84.625812,3.297318,0.000000587,0.000000587
1024,12,6,1.117706,0.024200,21.691400,0.177020,11.471987,2097152,204800,86.777237,1.162919,0.000000624,0.000000624
1024,12,8,1.036779,0.024704,21.931400,0.155892,5.662720,2097152,245760,85.304125,1.582563,0.000000611,0.000000615
1024,12,10,1.005440,0.024456,21.157487,0.159868,6.105600,2097152,303104,85.974262,1.912010,0.000000587,0.000000586
1024,12,12,1.197665,0.026372,24.513275,0.165120,6.115329,2097152,360448,79.801913,2.193964,0.000000610,0.000000610
1024,12,14,1.081851,0.025080,22.875788,0.159356,6.202236,2097152,417792,83.865475,2.631066,0.000000602,0.000000601
1024,12,16,0.990687,0.024832,21.584250,0.141188,3.181191,2097152,425984,84.649012,3.029046,0.000000599,0.000000601
1024,12,18,1.033783,0.025088,22.195062,0.147708,3.401596,2097152,475136,83.758625,3.245575,0.000000591,0.000000597
2048,2,6,4.246336,0.062844,24.915063,0.064896,1.570686,8388608,2195456,133.705375,34.135550,0.000000807,0.000000791
2048,2,8,4.063185,0.061824,25.182838,0.063728,1.576193,8388608,2228224,136.139500,35.118012,0.000000861,0.000000842
2048,2,10,4.082442,0.061440,24.081512,0.064260,1.615875,8388608,2260992,136.598125,35.331513,0.000000843,0.000000834
2048,2,12,4.133471,0.060672,24.505087,0.063104,1.697411,8388608,2293760,138.307500,36.437725,0.000000882,0.000000874
2048,2,14,4.179321,0.061184,24.534025,0.064764,1.781631,8388608,2326528,137.293000,35.963887,0.000000844,0.000000832
2048,2,16,4.075911,0.059772,23.828862,0.061956,1.794431,8388608,2359296,140.495625,38.109138,0.000000831,0.000000823
2048,2,18,4.072039,0.061312,24.683525,0.064004,1.921664,8388608,2392064,137.198500,37.578787,0.000000859,0.000000848
2048,4,6,4.059827,0.061696,23.760650,0.100104,1.383422,8388608,720896,136.255750,7.280303,0.000000862,0.000000848
2048,4,8,4.089286,0.061568,23.302537,0.095996,1.424641,8388608,786432,136.423625,8.201108,0.000000849,0.000000839
2048,4,10,3.888533,0.060544,22.764275,0.096508,1.462273,8388608,851968,138.679375,8.842144,0.000000849,0.000000833
2048,4,12,4.057405,0.061440,23.177988,0.098044,1.591424,8388608,917504,136.660000,9.392822,0.000000828,0.000000817
2048,4,14,4.054934,0.061440,23.686425,0.102660,1.731067,8388608,983040,136.775000,9.636251,0.000000821,0.000000808
2048,4,16,4.063751,0.060544,24.149362,0.098432,1.810051,8388608,1048576,138.943750,10.712195,0.000000841,0.000000833
2048,4,18,3.898184,0.061692,23.326200,0.097524,1.870209,8388608,1114112,136.097000,11.439975,0.000000867,0.000000861
2048,6,6,4.094101,0.061824,23.582200,0.141820,3.194754,8388608,425984,135.966500,3.052964,0.000000850,0.000000840
2048,6,8,4.057808,0.061824,23.881850,0.134020,3.161857,8388608,524288,135.847250,3.916651,0.000000797,0.000000782
2048,6,10,4.058429,0.060668,23.259638,0.135428,3.388544,8388608,622592,138.441375,4.601405,0.000000828,0.000000818
2048,6,12,3.897440,0.060672,22.947962,0.133500,3.476486,8388608,720896,138.407625,5.402138,0.000000854,0.000000838
2048,6,14,3.906244,0.061572,23.464962,0.133888,3.548416,8388608,819200,136.291875,6.122712,0.000000834,0.000000824
2048,6,16,4.053422,0.061184,23.442050,0.134392,3.694589,8388608,917504,137.216625,6.840750,0.000000846,0.000000837
2048,6,18,4.215054,0.062592,25.470050,0.144008,4.194561,8388608,1015808,134.240875,7.115130,0.000000825,0.000000816
2048,8,6,4.216124,0.061696,23.372937,0.184588,11.634025,8388608,425984,136.374125,2.320611,0.000000848,0.000000834
2048,8,8,4.532786,0.061308,23.380987,0.178948,10.665100,8388608,557056,136.908375,3.123380,0.000000791,0.000000780
2048,8,10,3.895776,0.064004,23.726588,0.182020,11.739150,8388608,688128,131.902375,3.795701,0.000000835,0.000000822
2048,8,12,4.059424,0.062716,24.825087,0.184324,11.486838,8388608,819200,133.981875,4.455669,0.000000824,0.000000809
2048,8,14,3.900306,0.061568,23.496838,0.177532,11.776238,8388608,950272,136.300750,5.359341,0.000000856,0.000000848
2048,8,16,3.897082,0.060672,22.871813,0.174072,6.109570,8388608,983040,138.318500,5.749664,0.000000833,0.000000825
2048,8,18,3.895612,0.061184,22.636300,0.169352,6.717055,8388608,1097728,137.170000,6.489926,0.000000838,0.000000828
2048,10,6,4.047334,0.061692,23.397775,0.194552,22.560125,8388608,458752,136.009875,2.358685,0.000000852,0.000000838
2048,10,8,4.371904,0.062848,24.809113,0.184824,11.018375,8388608,557056,133.913125,3.044295,0.000000816,0.000000800
2048,10,10,3.891484,0.061444,23.279863,0.178936,11.711863,8388608,688128,136.582250,3.853756,0.000000798,0.000000792
2048,10,12,4.228096,0.062592,23.691900,0.178816,11.638900,8388608,819200,134.051250,4.585264,0.000000853,0.000000845
2048,10,14,4.223700,0.062848,24.550650,0.183028,12.096637,8388608,950272,133.714125,5.246235,0.000000827,0.000000819
2048,10,16,4.065974,0.061696,24.191637,0.158972,6.036094,8388608,983040,136.256500,6.210284,0.000000854,0.000000840
2048,10,18,3.896622,0.060928,22.989925,0.166400,6.526336,8388608,1097728,137.729000,6.634694,0.000000816,0.000000811
2048,12,6,4.222880,0.062720,24.342000,0.200324,22.648563,8388608,458752,133.957125,2.297248,0.000000871,0.000000862
2048,12,8,4.053488,0.061696,23.685750,0.171780,10.710525,8388608,557056,136.218500,3.243801,0.000000877,0.000000863
2048,12,10,4.065957,0.059904,23.321337,0.178168,11.388288,8388608,688128,140.185625,3.872514,0.000000813,0.000000803
2048,12,12,4.066321,0.061952,24.406637,0.180228,11.953675,8388608,819200,135.548000,4.564890,0.000000804,0.000000796
2048,12,14,4.055515,0.061444,23.942912,0.177536,11.693713,8388608,950272,136.933375,5.361072,0.000000841,0.000000828
2048,12,16,4.246344,0.062208,24.741387,0.165236,6.205696,8388608,983040,135.120875,6.011151,0.000000827,0.000000823
2048,12,18,4.564759,0.063232,25.863675,0.172172,7.228544,8388608,1097728,133.480000,6.473084,0.000000835,0.000000827
4096,2,6,16.091188,0.139392,31.651200,0.089984,3.762685,33554432,8585216,240.743875,95.520425,0.000001171,0.000001149
4096,2,8,16.720950,0.138752,27.633662,0.090880,3.193215,33554432,8650752,241.901500,95.357600,0.000001149,0.000001129
4096,2,10,16.062313,0.139776,30.102262,0.091648,4.003328,33554432,8716288,240.094000,95.295788,0.000001222,0.000001201
4096,2,12,16.024275,0.139776,29.256075,0.094852,4.029820,33554432,8781824,240.084125,93.017900,0.000001158,0.000001138
4096,2,14,16.023725,0.138880,29.698937,0.089848,4.339327,33554432,8847360,241.646375,98.541825,0.000001188,0.000001172
4096,2,16,16.154400,0.140800,31.838225,0.090492,4.951681,33554432,8912896,238.318750,98.542975,0.000001146,0.000001128
4096,2,18,16.044238,0.139648,29.153025,0.092416,4.397441,33554432,8978432,240.310500,97.298225,0.000001151,0.000001132
4096,4,6,16.020500,0.138500,26.279825,0.102016,2.445568,33554432,2490368,242.319250,24.464175,0.000001199,0.000001177
4096,4,8,16.039987,0.139516,26.974837,0.101116,2.634495,33554432,2621440,240.544250,25.978713,0.000001194,0.000001174
4096,4,10,16.034875,0.139140,26.299762,0.100864,2.853504,33554432,2752512,241.200125,27.346675,0.000001183,0.000001163
4096,4,12,16.060400,0.138880,27.277963,0.100344,3.262847,33554432,2883584,241.672875,28.765100,0.000001176,0.000001158
4096,4,14,16.022437,0.138748,25.143313,0.102656,3.386111,33554432,3014656,241.873250,29.468750,0.000001175,0.000001151
4096,4,16,16.021800,0.138500,27.240838,0.099196,3.678204,33554432,3145728,242.310000,31.721900,0.000001161,0.000001142
4096,4,18,16.017388,0.139520,27.179237,0.102780,3.950588,33554432,3276800,240.533625,31.946887,0.000001202,0.000001180
4096,6,6,16.017612,0.139520,26.995075,0.139512,3.502842,33554432,1114112,240.537250,8.000045,0.000001180,0.000001154
4096,6,8,16.036638,0.138496,25.638513,0.135028,3.661185,33554432,1310720,242.286250,9.738983,0.000001228,0.000001204
4096,6,10,16.523250,0.139136,28.151537,0.138120,4.030976,33554432,1507328,241.219125,10.915888,0.000001175,0.000001150
4096,6,12,16.047013,0.139524,26.821250,0.146032,4.503041,33554432,1703936,240.553000,11.693925,0.000001166,0.000001147
4096,6,14,16.065875,0.139776,28.044800,0.140804,4.718976,33554432,1900544,240.064750,13.512925,0.000001182,0.000001160
4096,6,16,16.105800,0.141056,28.402413,0.138752,5.006469,33554432,2097152,238.005125,15.122613,0.000001169,0.000001149
4096,6,18,16.039075,0.139520,29.116163,0.143616,5.322113,33554432,2293760,240.537250,16.012238,0.000001194,0.000001179
4096,8,6,16.045500,0.139648,27.080825,0.173048,11.210250,33554432,917504,240.307375,5.303211,0.000001182,0.000001161
4096,8,8,16.629062,0.138232,26.555150,0.174592,10.103048,33554432,1179648,242.759625,6.762828,0.000001119,0.000001101
4096,8,10,16.052350,0.138756,27.008000,0.177408,11.751413,33554432,1441792,241.866125,8.129631,0.000001152,0.000001133
4096,8,12,16.044512,0.139264,27.563650,0.178684,11.920388,33554432,1703936,240.998875,9.551383,0.000001164,0.000001145
4096,8,14,16.011337,0.138368,27.623925,0.181900,12.751363,33554432,1966080,242.512625,10.824336,0.000001205,0.000001185
4096,8,16,16.035475,0.138240,25.692150,0.181500,11.567600,33554432,2228224,242.759000,12.298825,0.000001166,0.000001147
4096,8,18,16.039362,0.138880,25.720688,0.187264,13.357587,33554432,2490368,241.676000,13.350375,0.000001190,0.000001175
4096,10,6,16.032612,0.140800,25.408650,0.232580,45.405313,33554432,1015808,238.515250,4.380829,0.000001147,0.000001130
4096,10,8,16.056750,0.139648,27.521137,0.197880,21.460225,33554432,1245184,240.307250,6.300869,0.000001167,0.000001142
4096,10,10,16.073125,0.139136,25.004687,0.208768,22.975100,33554432,1540096,241.190125,7.397016,0.000001194,0.000001174
4096,10,12,16.051350,0.138244,25.356550,0.212092,23.134975,33554432,1835008,242.751625,8.661948,0.000001210,0.000001191
4096,10,14,16.647525,0.139516,26.180488,0.211844,24.148612,33554432,2129920,240.527500,10.085745,0.000001152,0.000001134
4096,10,16,16.037613,0.139904,27.424012,0.180744,11.786500,33554432,2228224,239.887125,12.355438,0.000001203,0.000001186
4096,10,18,16.036875,0.139516,26.763375,0.184584,13.473662,33554432,2490368,240.557500,13.518062,0.000001180,0.000001163
4096,12,6,16.009075,0.139264,29.606275,0.226824,45.690225,33554432,1015808,240.973750,4.490585,0.000001140,0.000001123
4096,12,8,16.650650,0.138368,26.544375,0.192772,21.207275,33554432,1245184,242.539125,6.461125,0.000001187,0.000001168
4096,12,10,16.084725,0.139136,26.252400,0.211328,23.136000,33554432,1540096,241.199750,7.313194,0.000001143,0.000001124
4096,12,12,16.021275,0.139908,27.426050,0.211320,23.684738,33554432,1835008,239.857625,8.704689,0.000001157,0.000001136
4096,12,14,16.029238,0.138752,26.146175,0.206596,23.722763,33554432,2129920,241.879500,10.330265,0.000001171,0.000001151
4096,12,16,16.037775,0.139648,27.486850,0.179964,11.780613,33554432,2228224,240.313750,12.404563,0.000001218,0.000001198
4096,12,18,16.002000,0.139136,27.760887,0.183172,13.534325,33554432,2490368,241.203250,13.605200,0.000001211,0.000001194
8192,2,6,64.223175,0.454656,55.752688,0.210952,10.727562,134217728,33947648,295.213125,161.018500,0.000001754,0.000001711
8192,2,8,64.188675,0.455932,62.233088,0.208388,12.403475,134217728,34078720,294.394875,163.632875,0.000001606,0.000001561
8192,2,10,64.234325,0.455680,74.725463,0.206720,14.729725,134217728,34209792,294.547500,165.493000,0.000001663,0.000001613
8192,2,12,64.265425,0.454524,64.601475,0.211204,14.588675,134217728,34340864,295.305625,162.633500,0.000001677,0.000001625
8192,2,14,64.272025,0.453884,61.760375,0.206976,13.681688,134217728,34471936,295.711375,166.584375,0.000001734,0.000001689
8192,2,16,64.284137,0.455420,61.609088,0.211052,13.902200,134217728,34603008,294.716750,164.035125,0.000001692,0.000001644
8192,2,18,64.499562,0.454656,63.874437,0.208368,14.569350,134217728,34734080,295.214250,166.707000,0.000001678,0.000001633
8192,4,6,65.486525,0.455796,69.238150,0.129396,5.503753,134217728,9175040,294.476125,70.981138,0.000001741,0.000001691
8192,4,8,64.463612,0.453888,75.638850,0.132316,6.081539,134217728,9437184,295.712000,71.361388,0.000001709,0.000001656
8192,4,10,64.257788,0.453764,69.654200,0.128648,6.590084,134217728,9699328,295.796250,75.497725,0.000001704,0.000001651
8192,4,12,64.373025,0.454392,57.737462,0.130152,7.269127,134217728,9961472,295.381625,76.646100,0.000001657,0.000001614
8192,4,14,64.165700,0.454276,57.105913,0.132620,7.872131,134217728,10223616,295.459625,77.247962,0.000001659,0.000001614
8192,4,16,64.235725,0.454924,57.011200,0.135552,8.354185,134217728,10485760,295.040375,77.515213,0.000001726,0.000001674
8192,4,18,64.237700,0.454144,67.324388,0.137992,9.085950,134217728,10747904,295.546125,78.107912,0.000001686,0.000001636
8192,6,6,64.283113,0.454152,54.644600,0.136452,4.530689,134217728,3276800,295.538875,24.075150,0.000001703,0.000001658
8192,6,8,64.188325,0.456704,57.153663,0.145020,5.064315,134217728,3670016,293.886000,25.350838,0.000001641,0.000001596
8192,6,10,64.212887,0.457468,51.347325,0.147200,5.837187,134217728,4063232,293.406875,27.663250,0.000001680,0.000001634
8192,6,12,64.318538,0.455936,83.757063,0.143736,7.026946,134217728,4456448,294.390375,31.071375,0.000001686,0.000001641
8192,6,14,64.223888,0.454536,69.808537,0.144128,7.618689,134217728,4849664,295.292125,33.745188,0.000001662,0.000001610
8192,6,16,64.287662,0.454016,59.349362,0.138240,8.000008,134217728,5242880,295.625875,37.976725,0.000001643,0.000001600
8192,6,18,64.248487,0.461568,71.824787,0.146692,9.108866,134217728,5636096,290.962125,38.469938,0.000001685,0.000001639
8192,8,6,64.227450,0.455940,57.018763,0.179824,11.497725,134217728,2097152,294.383625,11.680175,0.000001666,0.000001617
8192,8,8,64.181112,0.453368,68.004362,0.173448,10.965750,134217728,2621440,296.050250,15.136188,0.000001703,0.000001655
8192,8,10,64.178350,0.454528,61.068925,0.181376,12.988550,134217728,3145728,295.295750,17.352950,0.000001730,0.000001672
8192,8,12,64.394662,0.455552,62.809100,0.179732,13.468425,134217728,3670016,294.632625,20.439900,0.000001691,0.000001641
8192,8,14,65.012687,0.455424,54.707338,0.213384,15.982200,134217728,4194304,294.720500,19.696050,0.000001685,0.000001639
8192,8,16,64.218225,0.454784,57.146388,0.210968,16.125937,134217728,4718592,295.127375,22.380188,0.000001674,0.000001627
8192,8,18,64.186475,0.453256,66.148038,0.209420,17.859450,134217728,5242880,296.121625,25.038663,0.000001709,0.000001656
8192,10,6,64.472037,0.454912,83.794100,0.249724,45.358475,134217728,2097152,295.054375,9.053391,0.000001704,0.000001655
8192,10,8,64.267437,0.453376,53.067525,0.218256,41.379587,134217728,2752512,296.050750,12.653087,0.000001732,0.000001681
8192,10,10,64.209838,0.455684,58.858100,0.228332,46.264338,134217728,3407872,294.543375,14.945775,0.000001670,0.000001621
8192,10,12,64.445787,0.456572,66.055900,0.231712,46.529800,134217728,4063232,293.974500,17.572937,0.000001688,0.000001638
8192,10,14,64.179325,0.452736,53.232388,0.225424,47.277687,134217728,4718592,296.469125,20.974912,0.000001617,0.000001567
8192,10,16,64.251388,0.454912,56.008575,0.201604,23.371137,134217728,4980736,295.045875,24.735275,0.000001707,0.000001656
8192,10,18,64.220237,0.455684,53.696488,0.213128,27.266175,134217728,5570560,294.545125,26.195075,0.000001735,0.000001687
8192,12,6,64.283388,0.455804,62.700275,0.265216,91.822075,134217728,2228224,294.465750,8.422142,0.000001654,0.000001608
8192,12,8,64.189112,0.455928,60.931838,0.218756,41.998600,134217728,2752512,294.388750,12.583450,0.000001644,0.000001601
8192,12,10,64.249625,0.457088,69.504662,0.234116,46.189037,134217728,3407872,293.647375,14.584988,0.000001708,0.000001665
8192,12,12,64.293937,0.459904,59.937925,0.231564,46.888450,134217728,4063232,291.931000,17.587062,0.000001646,0.000001596
8192,12,14,64.135537,0.455816,59.159937,0.233084,48.935288,134217728,4718592,294.460875,20.274487,0.000001695,0.000001648
8192,12,16,64.183387,0.456072,57.775888,0.214416,23.288688,134217728,4980736,294.314375,23.914012,0.000001696,0.000001651
8192,12,18,65.234488,0.455296,67.448775,0.205204,27.029637,134217728,5570560,294.826000,27.207462,0.000001714,0.000001668
16384,2,6,258.019500,1.724419,193.902875,0.539776,49.001063,536870912,135004160,311.346000,250.121250,0.000002271,0.000002249
16384,2,8,258.857250,1.717636,171.360375,0.543480,43.146750,536870912,135266304,312.564875,248.958375,0.000002334,0.000002313
16384,2,10,258.231500,1.717885,161.904625,0.543104,42.616838,536870912,135528448,312.520000,249.572125,0.000002293,0.000002275
16384,2,12,257.129625,1.720708,159.470625,0.543104,65.405750,536870912,135790592,312.009125,250.031250,0.000002338,0.000002317
16384,2,14,257.578500,1.719556,169.641250,0.550632,46.042612,536870912,136052736,312.218375,247.106625,0.000002278,0.000002259
16384,2,16,262.418250,1.720825,183.322250,0.553476,51.018350,536870912,136314880,312.001875,246.395375,0.000002362,0.000002344
16384,2,18,257.703750,1.716732,165.302750,0.567416,47.360650,536870912,136577024,312.730250,240.947000,0.000002325,0.000002305
16384,4,6,257.935000,1.716876,155.570500,0.252808,13.430138,536870912,35127296,312.703250,139.171750,0.000002347,0.000002324
16384,4,8,257.989250,1.719804,192.020125,0.257268,14.448638,536870912,35651584,312.172875,138.675250,0.000002260,0.000002237
16384,4,10,256.939125,1.720191,168.003875,0.256756,14.752913,536870912,36175872,312.106875,140.997875,0.000002283,0.000002261
16384,4,12,260.062625,1.715850,205.256625,0.256264,19.931925,536870912,36700160,312.891000,143.243000,0.000002338,0.000002316
16384,4,14,257.666375,1.716105,180.489750,0.274552,23.668475,536870912,37224448,312.844500,135.690250,0.000002383,0.000002357
16384,4,16,259.372875,1.716992,160.622125,0.270068,22.797950,536870912,37748736,312.685625,139.852125,0.000002343,0.000002320
16384,4,18,259.644000,1.716481,154.478375,0.274292,24.070150,536870912,38273024,312.774625,139.602000,0.000002314,0.000002291
16384,6,6,260.041000,1.716608,179.227875,0.174872,8.883200,536870912,10747904,312.752375,61.574475,0.000002233,0.000002209
16384,6,8,257.631125,1.718260,151.291500,0.176888,9.750399,536870912,11534336,312.451375,65.439162,0.000002414,0.000002389
16384,6,10,257.523000,1.716352,174.289125,0.179308,12.120712,536870912,12320768,312.797875,68.742238,0.000002223,0.000002198
16384,6,12,258.746750,1.721471,169.432625,0.192744,15.046675,536870912,13107200,311.876625,68.568337,0.000002315,0.000002294
16384,6,14,258.172250,1.717249,171.263500,0.207748,17.384313,536870912,13893632,312.634875,66.992050,0.000002302,0.000002281
16384,6,16,258.276875,1.717510,175.747750,0.202236,18.577163,536870912,14680064,312.587625,72.623750,0.000002339,0.000002315
16384,6,18,257.335625,1.720835,157.475375,0.210656,19.944450,536870912,15466496,311.984125,73.543725,0.000002320,0.000002295
16384,8,6,257.253125,1.719036,149.277125,0.188940,12.761725,536870912,5242880,312.310250,27.786875,0.000002405,0.000002381
16384,8,8,257.585000,1.722359,149.056625,0.185620,13.468288,536870912,6291456,311.711250,33.987913,0.000002270,0.000002248
16384,8,10,256.778625,1.717501,142.793000,0.192144,15.576313,536870912,7340032,312.589000,38.366700,0.000002345,0.000002323
16384,8,12,256.908125,1.716238,140.531500,0.197868,18.723575,536870912,8388608,312.819500,42.495600,0.000002285,0.000002262
16384,8,14,256.793625,1.717631,140.346625,0.223956,21.945837,536870912,9437184,312.564875,42.162388,0.000002349,0.000002328
16384,8,16,256.851500,1.718902,143.254875,0.227840,23.984275,536870912,10485760,312.334250,46.061550,0.000002300,0.000002281
16384,8,18,257.677250,1.719664,151.551875,0.226812,25.354888,536870912,11534336,312.198750,50.905600,0.000002320,0.000002297
16384,10,6,258.552375,1.720068,149.319000,0.266512,45.418900,536870912,4456448,312.127125,16.729637,0.000002340,0.000002317
16384,10,8,257.355875,1.715968,148.341500,0.268152,41.744887,536870912,5767168,312.868375,21.539137,0.000002357,0.000002334
16384,10,10,257.459625,1.720186,150.286625,0.280196,50.319113,536870912,7077888,312.104875,25.337913,0.000002335,0.000002311
16384,10,12,257.273750,1.719288,141.703125,0.271396,51.505800,536870912,8388608,312.264750,30.938112,0.000002356,0.000002331
16384,10,14,256.785250,1.717375,142.577250,0.272540,54.504838,536870912,9699328,312.611750,35.590187,0.000002270,0.000002249
16384,10,16,257.556125,1.719039,160.041750,0.282328,51.281275,536870912,11010048,312.309625,39.050750,0.000002351,0.000002328
16384,10,18,258.746250,1.718020,201.168875,0.288396,60.823437,536870912,12320768,312.494250,42.846313,0.000002382,0.000002362
16384,12,6,257.017750,1.718660,165.760500,0.317424,195.703375,536870912,4849664,312.378000,15.312900,0.000002295,0.000002273
16384,12,8,256.813625,1.719936,157.715625,0.298636,91.038325,536870912,6029312,312.146125,20.210900,0.000002336,0.000002313
16384,12,10,257.740375,1.720584,198.914375,0.309076,100.285225,536870912,7471104,312.028500,24.204438,0.000002334,0.000002310
16384,12,12,256.685875,1.718534,141.551625,0.308204,99.886888,536870912,8912896,312.401750,28.944012,0.000002272,0.000002253
16384,12,14,257.054875,1.716864,159.744875,0.309500,104.488375,536870912,10354688,312.705375,33.463825,0.000002321,0.000002301
16384,12,16,256.810125,1.717893,158.514625,0.284800,51.293050,536870912,11010048,312.518500,38.794312,0.000002327,0.000002306
16384,12,18,256.820750,1.717889,152.130625,0.285688,59.211137,536870912,12320768,312.518875,43.172075,0.000002322,0.000002301
32768,2,6,1028.381250,7.378816,735.159750,1.838085,163.127000,2147483648,538443776,291.034000,292.939625,0.000003255,0.000003240
32768,2,8,1029.478750,7.374721,826.889000,1.838588,172.527375,2147483648,538968064,291.195875,293.142875,0.000003332,0.000003320
32768,2,10,1027.996250,7.369360,943.538000,1.842048,182.440500,2147483648,539492352,291.407875,292.882750,0.000003362,0.000003350
32768,2,12,1030.766250,7.374719,892.150750,1.841804,175.123375,2147483648,540016640,291.197000,293.204125,0.000003230,0.000003214
32768,2,14,1029.545000,7.366904,1029.692625,1.842424,182.532250,2147483648,540540928,291.504625,293.388250,0.000003311,0.000003299
32768,2,16,1030.378750,7.363200,1089.435375,1.847280,179.990125,2147483648,541065216,291.652125,292.906500,0.000003221,0.000003208
32768,2,18,1032.608750,7.370481,827.374125,1.840267,156.662500,2147483648,541589504,291.363375,294.306625,0.000003270,0.000003259
32768,4,6,1028.107500,7.375105,635.426875,0.597896,42.581650,2147483648,137363456,291.181625,229.774125,0.000003371,0.000003359
32768,4,8,1030.475000,7.375609,919.160375,0.610444,50.508412,2147483648,138412032,291.160750,226.757750,0.000003314,0.000003294
32768,4,10,1029.443750,7.368709,1275.556375,0.612488,64.328200,2147483648,139460608,291.433250,227.727625,0.000003263,0.000003244
32768,4,12,1032.407500,7.381889,857.581875,0.613252,58.470013,2147483648,140509184,290.913750,229.162500,0.000003197,0.000003180
32768,4,14,1027.703750,7.381373,1150.461750,0.619892,68.766200,2147483648,141557760,290.933875,228.387250,0.000003258,0.000003240
32768,4,16,1029.757500,7.377284,1063.747875,0.619884,80.816025,2147483648,142606336,291.095375,230.077750,0.000003335,0.000003317
32768,4,18,1027.221250,7.375615,915.458875,0.625156,70.526975,2147483648,143654912,291.160625,229.833000,0.000003330,0.000003311
32768,6,6,1027.367500,7.374462,864.418750,0.319228,22.751487,2147483648,38273024,291.205750,120.090000,0.000003279,0.000003260
32768,6,8,1030.885000,7.375364,894.522750,0.330904,26.020100,2147483648,39845888,291.170250,120.469375,0.000003328,0.000003310
32768,6,10,1028.185000,7.368837,829.401125,0.339320,30.454775,2147483648,41418752,291.428750,122.115625,0.000003350,0.000003332
32768,6,12,1027.260000,7.367807,898.052250,0.340200,37.556625,2147483648,42991616,291.469500,126.498250,0.000003314,0.000003297
32768,6,14,1029.148750,7.374596,986.055500,0.352116,43.628788,2147483648,44564480,291.201125,126.630125,0.000003273,0.000003254
32768,6,16,1026.641250,7.368200,765.102625,0.344204,44.433900,2147483648,46137344,291.454000,134.135250,0.000003246,0.000003227
32768,6,18,1028.527500,7.372031,622.284875,0.354136,46.525950,2147483648,47710208,291.302125,134.896250,0.000003289,0.000003272
32768,8,6,1028.587500,7.370231,770.993125,0.234872,19.292800,2147483648,14680064,291.373375,62.588262,0.000003194,0.000003174
32768,8,8,1026.515000,7.373692,691.416625,0.267240,23.052163,2147483648,16777216,291.236500,62.825137,0.000003420,0.000003399
32768,8,10,1028.346250,7.370115,922.668750,0.272664,29.117438,2147483648,18874368,291.378125,69.275175,0.000003275,0.000003259
32768,8,12,1026.942500,7.367954,984.152500,0.275948,36.301313,2147483648,20971520,291.464125,76.034725,0.000003282,0.000003266
32768,8,14,1027.923750,7.373952,573.302750,0.285592,38.930037,2147483648,23068672,291.226000,80.818588,0.000003272,0.000003256
32768,8,16,1027.495000,7.374209,699.676250,0.284016,44.310788,2147483648,25165824,291.215875,88.628750,0.000003337,0.000003320
32768,8,18,1026.987500,7.380104,845.639375,0.298656,49.926150,2147483648,27262976,290.983750,91.361475,0.000003217,0.000003199
32768,10,6,1029.165000,7.374596,861.661000,0.260532,47.236225,2147483648,9961472,291.201500,38.301988,0.000003369,0.000003355
32768,10,8,1026.897500,7.368831,673.492500,0.288740,46.562950,2147483648,12582912,291.428500,43.611213,0.000003204,0.000003187
32768,10,10,1027.550000,7.371905,665.202125,0.297976,56.716800,2147483648,15204352,291.307125,51.108888,0.000003194,0.000003179
32768,10,12,1027.270000,7.369472,742.237625,0.300924,62.367875,2147483648,17825792,291.403125,59.278750,0.000003267,0.000003248
32768,10,14,1027.517500,7.368704,858.092750,0.316804,72.058763,2147483648,20447232,291.434875,64.619462,0.000003304,0.000003285
32768,10,16,1028.262500,7.373569,591.308625,0.315780,71.279588,2147483648,23068672,291.241625,73.133488,0.000003273,0.000003253
32768,10,18,1026.683750,7.371132,906.852125,0.347756,82.157050,2147483648,25690112,291.337750,74.053600,0.000003240,0.000003224
32768,12,6,1028.108750,7.382400,864.570375,0.334472,197.851250,2147483648,9961472,290.894125,29.798175,0.000003313,0.000003294
32768,12,8,1028.208750,7.371783,767.784000,0.376340,187.906625,2147483648,13107200,291.312125,35.043625,0.000003296,0.000003273
32768,12,10,1026.743750,7.370620,724.084375,0.376824,207.859500,2147483648,16252928,291.358125,43.171675,0.000003262,0.000003245
32768,12,12,1028.625000,7.374591,979.448750,0.383524,215.293000,2147483648,19398656,291.200750,50.608275,0.000003253,0.000003235
32768,12,14,1029.726250,7.370875,827.138750,0.389748,223.856500,2147483648,22544384,291.347625,57.876238,0.000003373,0.000003355
32768,12,16,1027.410000,7.375995,703.476750,0.358276,108.700625,2147483648,24117248,291.145500,67.370525,0.000003300,0.000003280
32768,12,18,1027.937500,7.376127,674.765500,0.366428,126.179625,2147483648,27000832,291.140250,73.803500,0.000003329,0.000003309
